frame,vehicle_count,avg_wait_time_seconds,congestion_status
0,0,0.0,Normal flow
1,0,0.0,Normal flow
2,0,0.0,Normal flow
3,0,0.0,Normal flow
4,0,0.0,Normal flow
5,0,0.0,Normal flow
6,0,0.0,Normal flow
7,0,0.0,Normal flow
8,0,0.0,Normal flow
9,0,0.0,Normal flow
10,0,0.0,Normal flow
11,0,0.0,Normal flow
12,0,0.0,Normal flow
13,0,0.0,Normal flow
14,0,0.0,Normal flow
15,0,0.0,Normal flow
16,0,0.0,Normal flow
17,0,0.0,Normal flow
18,0,0.0,Normal flow
19,0,0.0,Normal flow
20,0,0.0,Normal flow
21,0,0.0,Normal flow
22,0,0.0,Normal flow
23,0,0.0,Normal flow
24,0,0.0,Normal flow
25,0,0.0,Normal flow
26,0,0.0,Normal flow
27,0,0.0,Normal flow
28,0,0.0,Normal flow
29,0,0.0,Normal flow
30,0,0.0,Normal flow
31,0,0.0,Normal flow
32,0,0.0,Normal flow
33,0,0.0,Normal flow
34,0,0.0,Normal flow
35,0,0.0,Normal flow
36,0,0.0,Normal flow
37,0,0.0,Normal flow
38,1,0.0,Normal flow
39,1,0.03,Normal flow
40,1,0.07,Normal flow
41,1,0.1,Normal flow
42,1,0.13,Normal flow
43,1,0.17,Normal flow
44,1,0.2,Normal flow
45,1,0.23,Normal flow
46,1,0.27,Normal flow
47,1,0.3,Normal flow
48,1,0.33,Normal flow
49,1,0.37,Normal flow
50,1,0.4,Normal flow
51,1,0.43,Normal flow
52,1,0.47,Normal flow
53,1,0.5,Normal flow
54,1,0.53,Normal flow
55,1,0.57,Normal flow
56,1,0.6,Normal flow
57,1,0.63,Normal flow
58,1,0.67,Normal flow
59,1,0.7,Normal flow
60,1,0.73,Normal flow
61,1,0.77,Normal flow
62,1,0.8,Normal flow
63,1,0.83,Normal flow
64,1,0.87,Normal flow
65,1,0.9,Normal flow
66,1,0.93,Normal flow
67,1,0.97,Normal flow
68,1,1.0,Normal flow
69,1,1.03,Normal flow
70,1,1.07,Normal flow
71,1,1.1,Normal flow
72,1,1.13,Normal flow
73,1,1.17,Normal flow
74,2,0.6,Normal flow
75,2,0.63,Normal flow
76,2,0.67,Normal flow
77,2,0.7,Normal flow
78,2,0.73,Normal flow
79,2,0.77,Normal flow
80,2,0.8,Normal flow
81,2,0.83,Normal flow
82,2,0.87,Normal flow
83,2,0.9,Normal flow
84,2,0.93,Normal flow
85,2,0.97,Normal flow
86,2,1.0,Normal flow
87,3,0.69,Normal flow
88,3,0.72,Normal flow
89,3,0.76,Normal flow
90,3,0.79,Normal flow
91,3,0.82,Normal flow
92,3,0.86,Normal flow
93,3,0.89,Normal flow
94,3,0.92,Normal flow
95,3,0.96,Normal flow
96,3,0.99,Normal flow
97,3,1.02,Normal flow
98,3,1.06,Normal flow
99,3,1.09,Normal flow
100,3,1.12,Normal flow
101,3,1.16,Normal flow
102,3,1.19,Normal flow
103,3,1.22,Normal flow
104,3,1.26,Normal flow
105,3,1.29,Normal flow
106,3,1.32,Normal flow
107,3,1.36,Normal flow
108,3,1.39,Normal flow
109,3,1.42,Normal flow
110,3,1.46,Normal flow
111,4,1.12,Normal flow
112,4,1.15,Normal flow
113,5,0.95,Normal flow
114,5,0.98,Normal flow
115,5,1.01,Normal flow
116,5,1.05,Normal flow
117,5,1.08,Normal flow
118,5,1.11,Normal flow
119,5,1.15,Normal flow
120,5,1.18,Normal flow
121,5,1.21,Normal flow
122,5,1.25,Normal flow
123,5,1.28,Normal flow
124,5,1.31,Normal flow
125,5,1.35,Normal flow
126,5,1.38,Normal flow
127,5,1.41,Normal flow
128,5,1.45,Normal flow
129,5,1.48,Normal flow
130,5,1.51,Normal flow
131,5,1.55,Normal flow
132,5,1.58,Normal flow
133,5,1.61,Normal flow
134,5,1.65,Normal flow
135,5,1.68,Normal flow
136,5,1.71,Normal flow
137,5,1.75,Normal flow
138,5,1.78,Normal flow
139,5,1.81,Normal flow
140,6,1.54,Moderate congestion
141,6,1.57,Moderate congestion
142,6,1.61,Moderate congestion
143,6,1.64,Moderate congestion
144,6,1.67,Moderate congestion
145,6,1.71,Moderate congestion
146,6,1.74,Moderate congestion
147,6,1.77,Moderate congestion
148,6,1.81,Moderate congestion
149,6,1.84,Moderate congestion
150,6,1.87,Moderate congestion
151,6,1.91,Moderate congestion
152,6,1.94,Moderate congestion
153,6,1.97,Moderate congestion
154,6,2.01,Moderate congestion
155,6,2.04,Moderate congestion
156,6,2.07,Moderate congestion
157,6,2.11,Moderate congestion
158,6,2.14,Moderate congestion
159,6,2.17,Moderate congestion
160,6,2.21,Moderate congestion
161,6,2.24,Moderate congestion
162,6,2.27,Moderate congestion
163,6,2.31,Moderate congestion
164,6,2.34,Moderate congestion
165,6,2.37,Moderate congestion
166,6,2.41,Moderate congestion
167,6,2.44,Moderate congestion
168,6,2.47,Moderate congestion
169,6,2.51,Moderate congestion
170,6,2.54,Moderate congestion
171,6,2.57,Moderate congestion
172,6,2.61,Moderate congestion
173,6,2.64,Moderate congestion
174,6,2.67,Moderate congestion
175,6,2.71,Moderate congestion
176,6,2.74,Moderate congestion
177,6,2.77,Moderate congestion
178,6,2.81,Moderate congestion
179,6,2.84,Moderate congestion
180,6,2.87,Moderate congestion
181,6,2.91,Moderate congestion
182,6,2.94,Moderate congestion
183,6,2.97,Moderate congestion
184,6,3.01,Moderate congestion
185,6,3.04,Moderate congestion
186,6,3.07,Moderate congestion
187,6,3.11,Moderate congestion
188,6,3.14,Moderate congestion
189,6,3.17,Moderate congestion
190,6,3.21,Moderate congestion
191,6,3.24,Moderate congestion
192,6,3.27,Moderate congestion
193,6,3.31,Moderate congestion
194,6,3.34,Moderate congestion
195,6,3.37,Moderate congestion
196,6,3.41,Moderate congestion
197,6,3.44,Moderate congestion
198,6,3.47,Moderate congestion
199,6,3.51,Moderate congestion
200,6,3.54,Moderate congestion
201,6,3.57,Moderate congestion
202,6,3.61,Moderate congestion
203,6,3.64,Moderate congestion
204,6,3.67,Moderate congestion
205,6,3.71,Moderate congestion
206,6,3.74,Moderate congestion
207,6,3.77,Moderate congestion
208,6,3.81,Moderate congestion
209,6,3.84,Moderate congestion
210,6,3.87,Moderate congestion
211,6,3.91,Moderate congestion
212,6,3.94,Moderate congestion
213,6,3.97,Moderate congestion
214,6,4.01,Moderate congestion
215,6,4.04,Moderate congestion
216,6,4.07,Moderate congestion
217,6,4.11,Moderate congestion
218,6,4.14,Moderate congestion
219,6,4.17,Moderate congestion
220,6,4.21,Moderate congestion
221,6,4.24,Moderate congestion
222,6,4.27,Moderate congestion
223,6,4.31,Moderate congestion
224,6,4.34,Moderate congestion
225,6,4.37,Moderate congestion
226,6,4.41,Moderate congestion
227,6,4.44,Moderate congestion
228,6,4.47,Moderate congestion
229,6,4.51,Moderate congestion
230,6,4.54,Moderate congestion
231,6,4.57,Moderate congestion
232,6,4.61,Moderate congestion
233,6,4.64,Moderate congestion
234,6,4.67,Moderate congestion
235,6,4.71,Moderate congestion
236,6,4.74,Moderate congestion
237,6,4.77,Moderate congestion
238,6,4.81,Moderate congestion
239,6,4.84,Moderate congestion
240,6,4.87,Moderate congestion
241,6,4.91,Moderate congestion
242,6,4.94,Moderate congestion
243,6,4.97,Moderate congestion
244,6,5.01,Moderate congestion
245,6,5.04,Moderate congestion
246,6,5.07,Moderate congestion
247,6,5.11,Moderate congestion
248,6,5.14,Moderate congestion
249,6,5.17,Moderate congestion
250,6,5.21,Moderate congestion
251,6,5.24,Moderate congestion
252,6,5.27,Moderate congestion
253,6,5.31,Moderate congestion
254,6,5.34,Moderate congestion
255,6,5.37,Moderate congestion
256,6,5.41,Moderate congestion
257,6,5.44,Moderate congestion
258,6,5.47,Moderate congestion
259,6,5.51,Moderate congestion
260,6,5.54,Moderate congestion
261,6,5.57,Moderate congestion
262,6,5.61,Moderate congestion
263,6,5.64,Moderate congestion
264,6,5.67,Moderate congestion
265,6,5.71,Moderate congestion
266,6,5.74,Moderate congestion
267,6,5.77,Moderate congestion
268,6,5.81,Moderate congestion
269,6,5.84,Moderate congestion
270,6,5.87,Moderate congestion
271,6,5.91,Moderate congestion
272,6,5.94,Moderate congestion
273,6,5.97,Moderate congestion
274,6,6.01,Moderate congestion
275,6,6.04,Moderate congestion
276,6,6.07,Moderate congestion
277,6,6.11,Moderate congestion
278,6,6.14,Moderate congestion
279,6,6.17,Moderate congestion
280,6,6.21,Moderate congestion
281,6,6.24,Moderate congestion
282,6,6.27,Moderate congestion
283,6,6.31,Moderate congestion
284,6,6.34,Moderate congestion
285,6,6.37,Moderate congestion
286,6,6.41,Moderate congestion
287,6,6.44,Moderate congestion
288,6,6.47,Moderate congestion
289,6,6.51,Moderate congestion
290,6,6.54,Moderate congestion
291,6,6.57,Moderate congestion
292,6,6.61,Moderate congestion
293,7,5.69,Moderate congestion
294,7,5.72,Moderate congestion
295,7,5.76,Moderate congestion
296,7,5.79,Moderate congestion
297,7,5.82,Moderate congestion
298,7,5.86,Moderate congestion
299,7,5.89,Moderate congestion
300,7,5.92,Moderate congestion
301,7,5.96,Moderate congestion
302,7,5.99,Moderate congestion
303,7,6.02,Moderate congestion
304,7,6.06,Moderate congestion
305,7,6.09,Moderate congestion
306,7,6.12,Moderate congestion
307,7,6.16,Moderate congestion
308,7,6.19,Moderate congestion
309,7,6.22,Moderate congestion
310,7,6.26,Moderate congestion
311,7,6.29,Moderate congestion
312,7,6.32,Moderate congestion
313,7,6.36,Moderate congestion
314,7,6.39,Moderate congestion
315,7,6.42,Moderate congestion
316,7,6.46,Moderate congestion
317,7,6.49,Moderate congestion
318,7,6.52,Moderate congestion
319,7,6.56,Moderate congestion
320,7,6.59,Moderate congestion
321,7,6.62,Moderate congestion
322,7,6.66,Moderate congestion
323,7,6.69,Moderate congestion
324,7,6.72,Moderate congestion
325,7,6.76,Moderate congestion
326,7,6.79,Moderate congestion
327,7,6.82,Moderate congestion
328,7,6.86,Moderate congestion
329,7,6.89,Moderate congestion
330,7,6.92,Moderate congestion
331,7,6.96,Moderate congestion
332,7,6.99,Moderate congestion
333,7,7.02,Moderate congestion
334,7,7.06,Moderate congestion
335,7,7.09,Moderate congestion
336,7,7.12,Moderate congestion
337,7,7.16,Moderate congestion
338,7,7.19,Moderate congestion
339,7,7.22,Moderate congestion
340,7,7.26,Moderate congestion
341,7,7.29,Moderate congestion
342,7,7.32,Moderate congestion
343,7,7.36,Moderate congestion
344,7,7.39,Moderate congestion
345,7,7.42,Moderate congestion
346,7,7.46,Moderate congestion
347,7,7.49,Moderate congestion
348,7,7.52,Moderate congestion
349,7,7.56,Moderate congestion
350,7,7.59,Moderate congestion
351,7,7.62,Moderate congestion
352,7,7.66,Moderate congestion
353,7,7.69,Moderate congestion
354,7,7.72,Moderate congestion
355,7,7.76,Moderate congestion
356,7,7.79,Moderate congestion
357,7,7.82,Moderate congestion
358,7,7.86,Moderate congestion
359,7,7.89,Moderate congestion
360,7,7.92,Moderate congestion
361,7,7.96,Moderate congestion
362,7,7.99,Moderate congestion
363,7,8.02,Moderate congestion
364,7,8.06,Moderate congestion
365,7,8.09,Moderate congestion
366,7,8.12,Moderate congestion
367,7,8.16,Moderate congestion
368,7,8.19,Moderate congestion
369,7,8.22,Moderate congestion
370,7,8.26,Moderate congestion
371,7,8.29,Moderate congestion
372,7,8.32,Moderate congestion
373,7,8.36,Moderate congestion
374,7,8.39,Moderate congestion
375,7,8.42,Moderate congestion
376,8,7.4,Moderate congestion
377,8,7.43,Moderate congestion
378,8,7.47,Moderate congestion
379,8,7.5,Moderate congestion
380,8,7.53,Moderate congestion
381,8,7.57,Moderate congestion
382,8,7.6,Moderate congestion
383,8,7.63,Moderate congestion
384,8,7.67,Moderate congestion
385,8,7.7,Moderate congestion
386,8,7.73,Moderate congestion
387,8,7.77,Moderate congestion
388,8,7.8,Moderate congestion
389,8,7.83,Moderate congestion
390,8,7.87,Moderate congestion
391,8,7.9,Moderate congestion
392,8,7.93,Moderate congestion
393,8,7.97,Moderate congestion
394,8,8.0,Moderate congestion
395,8,8.03,Moderate congestion
396,8,8.07,Moderate congestion
397,8,8.1,Moderate congestion
398,8,8.13,Moderate congestion
399,8,8.17,Moderate congestion
400,8,8.2,Moderate congestion
401,8,8.23,Moderate congestion
402,8,8.27,Moderate congestion
403,8,8.3,Moderate congestion
404,8,8.33,Moderate congestion
405,8,8.37,Moderate congestion
406,8,8.4,Moderate congestion
407,8,8.43,Moderate congestion
408,8,8.47,Moderate congestion
409,8,8.5,Moderate congestion
410,8,8.53,Moderate congestion
411,8,8.57,Moderate congestion
412,8,8.6,Moderate congestion
413,8,8.63,Moderate congestion
414,8,8.67,Moderate congestion
415,8,8.7,Moderate congestion
416,8,8.73,Moderate congestion
417,8,8.77,Moderate congestion
418,8,8.8,Moderate congestion
419,8,8.83,Moderate congestion
420,8,8.87,Moderate congestion
421,8,8.9,Moderate congestion
422,8,8.93,Moderate congestion
423,8,8.97,Moderate congestion
424,8,9.0,Moderate congestion
425,8,9.03,Moderate congestion
426,8,9.07,Moderate congestion
427,8,9.1,Moderate congestion
428,8,9.13,Moderate congestion
429,8,9.17,Moderate congestion
430,8,9.2,Moderate congestion
431,8,9.23,Moderate congestion
432,8,9.27,Moderate congestion
433,8,9.3,Moderate congestion
434,9,8.3,Moderate congestion
435,9,8.33,Moderate congestion
436,9,8.36,Moderate congestion
437,9,8.4,Moderate congestion
438,9,8.43,Moderate congestion
439,9,8.46,Moderate congestion
440,9,8.5,Moderate congestion
441,9,8.53,Moderate congestion
442,9,8.56,Moderate congestion
443,9,8.6,Moderate congestion
444,9,8.63,Moderate congestion
445,9,8.66,Moderate congestion
446,9,8.7,Moderate congestion
447,9,8.73,Moderate congestion
448,9,8.76,Moderate congestion
449,9,8.8,Moderate congestion
450,9,8.83,Moderate congestion
451,9,8.86,Moderate congestion
452,9,8.9,Moderate congestion
453,9,8.93,Moderate congestion
454,9,8.96,Moderate congestion
455,9,9.0,Moderate congestion
456,9,9.03,Moderate congestion
457,9,9.06,Moderate congestion
458,9,9.1,Moderate congestion
459,9,9.13,Moderate congestion
460,9,9.16,Moderate congestion
461,9,9.2,Moderate congestion
462,9,9.23,Moderate congestion
463,9,9.26,Moderate congestion
464,9,9.3,Moderate congestion
465,9,9.33,Moderate congestion
466,9,9.36,Moderate congestion
467,9,9.4,Moderate congestion
468,9,9.43,Moderate congestion
469,9,9.46,Moderate congestion
470,9,9.5,Moderate congestion
471,9,9.53,Moderate congestion
472,9,9.56,Moderate congestion
473,9,9.6,Moderate congestion
474,9,9.63,Moderate congestion
475,9,9.66,Moderate congestion
476,9,9.7,Moderate congestion
477,9,9.73,Moderate congestion
478,9,9.76,Moderate congestion
479,9,9.8,Moderate congestion
480,9,9.83,Moderate congestion
481,9,9.86,Moderate congestion
482,9,9.9,Moderate congestion
483,9,9.93,Moderate congestion
484,9,9.96,Moderate congestion
485,9,10.0,Moderate congestion
486,9,10.03,Moderate congestion
487,9,10.06,Moderate congestion
488,9,10.1,Moderate congestion
489,9,10.13,Moderate congestion
490,9,10.16,Moderate congestion
491,9,10.2,Moderate congestion
492,9,10.23,Moderate congestion
493,9,10.26,Moderate congestion
494,9,10.3,Moderate congestion
495,9,10.33,Moderate congestion
496,9,10.36,Moderate congestion
497,9,10.4,Moderate congestion
498,9,10.43,Moderate congestion
499,9,10.46,Moderate congestion
500,9,10.5,Moderate congestion
501,9,10.53,Moderate congestion
502,9,10.56,Moderate congestion
503,9,10.6,Moderate congestion
504,9,10.63,Moderate congestion
505,9,10.66,Moderate congestion
506,9,10.7,Moderate congestion
507,9,10.73,Moderate congestion
508,9,10.76,Moderate congestion
509,9,10.8,Moderate congestion
510,9,10.83,Moderate congestion
511,9,10.86,Moderate congestion
512,9,10.9,Moderate congestion
513,9,10.93,Moderate congestion
514,9,10.96,Moderate congestion
515,9,11.0,Moderate congestion
516,9,11.03,Moderate congestion
517,9,11.06,Moderate congestion
518,9,11.1,Moderate congestion
519,9,11.13,Moderate congestion
520,9,11.16,Moderate congestion
521,9,11.2,Moderate congestion
522,9,11.23,Moderate congestion
523,9,11.26,Moderate congestion
524,9,11.3,Moderate congestion
525,9,11.33,Moderate congestion
526,9,11.36,Moderate congestion
527,9,11.4,Moderate congestion
528,9,11.43,Moderate congestion
529,9,11.46,Moderate congestion
530,9,11.5,Moderate congestion
531,9,11.53,Moderate congestion
532,9,11.56,Moderate congestion
533,9,11.6,Moderate congestion
534,9,11.63,Moderate congestion
535,9,11.66,Moderate congestion
536,9,11.7,Moderate congestion
537,9,11.73,Moderate congestion
538,9,11.76,Moderate congestion
539,9,11.8,Moderate congestion
540,9,11.83,Moderate congestion
541,9,11.86,Moderate congestion
542,9,11.9,Moderate congestion
543,9,11.93,Moderate congestion
544,9,11.96,Moderate congestion
545,9,12.0,Moderate congestion
546,9,12.03,Moderate congestion
547,9,12.06,Moderate congestion
548,10,10.89,Moderate congestion
549,10,10.92,Moderate congestion
550,10,10.95,Moderate congestion
551,10,10.99,Moderate congestion
552,10,11.02,Moderate congestion
553,10,11.05,Moderate congestion
554,10,11.09,Moderate congestion
555,10,11.12,Moderate congestion
556,10,11.15,Moderate congestion
557,10,11.19,Moderate congestion
558,10,11.22,Moderate congestion
559,10,11.25,Moderate congestion
560,10,11.29,Moderate congestion
561,10,11.32,Moderate congestion
562,10,11.35,Moderate congestion
563,10,11.39,Moderate congestion
564,10,11.42,Moderate congestion
565,10,11.45,Moderate congestion
566,10,11.49,Moderate congestion
567,10,11.52,Moderate congestion
568,10,11.55,Moderate congestion
569,10,11.59,Moderate congestion
570,10,11.62,Moderate congestion
571,10,11.65,Moderate congestion
572,10,11.69,Moderate congestion
573,10,11.72,Moderate congestion
574,10,11.75,Moderate congestion
575,10,11.79,Moderate congestion
576,10,11.82,Moderate congestion
577,10,11.85,Moderate congestion
578,10,11.89,Moderate congestion
579,10,11.92,Moderate congestion
580,10,11.95,Moderate congestion
581,10,11.99,Moderate congestion
582,10,12.02,Moderate congestion
583,10,12.05,Moderate congestion
584,10,12.09,Moderate congestion
585,10,12.12,Moderate congestion
586,10,12.15,Moderate congestion
587,10,12.19,Moderate congestion
588,10,12.22,Moderate congestion
589,10,12.25,Moderate congestion
590,10,12.29,Moderate congestion
591,10,12.32,Moderate congestion
592,10,12.35,Moderate congestion
593,10,12.39,Moderate congestion
594,10,12.42,Moderate congestion
595,10,12.45,Moderate congestion
596,10,12.49,Moderate congestion
597,10,12.52,Moderate congestion
598,10,12.55,Moderate congestion
599,10,12.59,Moderate congestion
600,10,12.62,Moderate congestion
601,10,12.65,Moderate congestion
602,10,12.69,Moderate congestion
603,10,12.72,Moderate congestion
604,10,12.75,Moderate congestion
605,11,11.62,High congestion
606,11,11.66,High congestion
607,11,11.69,High congestion
608,11,11.72,High congestion
609,11,11.76,High congestion
610,11,11.79,High congestion
611,11,11.82,High congestion
612,11,11.86,High congestion
613,11,11.89,High congestion
614,11,11.92,High congestion
615,11,11.96,High congestion
616,11,11.99,High congestion
617,11,12.02,High congestion
618,11,12.06,High congestion
619,11,12.09,High congestion
620,11,12.12,High congestion
621,11,12.16,High congestion
622,11,12.19,High congestion
623,11,12.22,High congestion
624,11,12.26,High congestion
625,11,12.29,High congestion
626,11,12.32,High congestion
627,11,12.36,High congestion
628,11,12.39,High congestion
629,11,12.42,High congestion
630,11,12.46,High congestion
631,11,12.49,High congestion
632,11,12.52,High congestion
